{
  "precip_baselines": {
    "0": 0.0001760451271314,
    "1": 0.00023593388289745,
    "10": 8.844469593339215e-06,
    "11": 8.420038519551122e-06,
    "12": 5.829890628793719e-06,
    "13": 1.1843574640914136e-06,
    "14": 6.051742998047488e-05,
    "15": 1.2501070629856076e-05,
    "16": 1.6987203458916827e-05,
    "17": 1.0138616342646449e-05,
    "18": 5.117227956170744e-05,
    "19": 3.2366396301463205e-05,
    "2": 2.8897428285501623e-06,
    "20": 2.0228440651771545e-05,
    "21": 3.5313587979880346e-05,
    "22": 1.4327205151359452e-05,
    "23": 3.8113303915219236e-05,
    "24": 1.0586066267532285e-06,
    "25": 2.417200298723436e-06,
    "26": 1.4162222557700075e-05,
    "27": 1.1534458353959335e-05,
    "28": 6.107318933880086e-06,
    "29": 4.223226090311117e-05,
    "3": 2.5436310107343514e-06,
    "30": 4.281740366058228e-05,
    "4": 1.28842390218913e-06,
    "5": 0.000198222691844,
    "6": 4.115724240458428e-06,
    "7": 7.598640357796705e-05,
    "8": 4.677250773163713e-05,
    "9": 7.0149096846019714e-06
  },
  "precip_stds": {
    "0": 0.00026267810885807026,
    "1": 0.0005797533594865538,
    "10": 5.191467386423535e-05,
    "11": 4.7683502775208874e-05,
    "12": 6.739835262718863e-05,
    "13": 1.410048420279623e-05,
    "14": 0.00011687931624324194,
    "15": 6.08933643511912e-05,
    "16": 6.86300485870578e-05,
    "17": 5.849656945520346e-05,
    "18": 0.0001292786715710578,
    "19": 6.619774039195222e-05,
    "2": 5.3447288982784485e-05,
    "20": 7.405534832832356e-05,
    "21": 9.637021251245621e-05,
    "22": 6.943584370016995e-05,
    "23": 0.00013237538593015847,
    "24": 2.746063440604998e-05,
    "25": 3.527843961037061e-05,
    "26": 4.821380762039361e-05,
    "27": 5.2865629638559454e-05,
    "28": 2.262384381413495e-05,
    "29": 0.00010863421207128789,
    "3": 1.6254394409130302e-05,
    "30": 0.00014286386832785958,
    "4": 2.2472665498014123e-05,
    "5": 0.0002678978436163193,
    "6": 2.722500526943972e-05,
    "7": 0.00016560781450676403,
    "8": 0.00011172489377464551,
    "9": 4.118675761440701e-05
  },
  "soilmoist_p20": {
    "0": 0.0005518802698107,
    "1": 0.04436230370147454,
    "10": 4.630157912986774e-07,
    "11": 1.3766081436820644e-05,
    "12": 7.446894899082643e-06,
    "13": -9.497930295852866e-21,
    "14": 0.00024179417306558016,
    "15": 0.00904665257529058,
    "16": 5.105071721166819e-05,
    "17": 2.7158555079155478e-05,
    "18": 0.00072979237850588,
    "19": 0.0007734886640758007,
    "2": 3.2394651382687546e-07,
    "20": 0.01059721074005654,
    "21": 0.08451959099961726,
    "22": 7.947285970051967e-07,
    "23": 0.0001673199859396,
    "24": 1.2554661410109949e-08,
    "25": -9.26360798004693e-21,
    "26": 0.0001239756502758001,
    "27": 0.0088382365396389,
    "28": 6.257708629518608e-05,
    "29": 8.984721835007144e-05,
    "3": 4.74235906980127e-06,
    "30": 0.0010381486427633601,
    "4": 9.65424549407988e-09,
    "5": 0.01933596868883676,
    "6": 9.33006756617688e-08,
    "7": 0.002450585903531261,
    "8": 0.00011904066887446005,
    "9": 8.791027880395699e-07
  }
}